Транспорт;https://www.avito.ru/ufa/transport
Автомобили;https://www.avito.ru/ufa/avtomobili
Мотоциклы и мототехника;https://www.avito.ru/ufa/mototsikly_i_mototehnika
Грузовики и спецтехника;https://www.avito.ru/ufa/gruzoviki_i_spetstehnika
Водный транспорт;https://www.avito.ru/ufa/vodnyy_transport
Запчасти и аксессуары;https://www.avito.ru/ufa/zapchasti_i_aksessuary
Недвижимость;https://www.avito.ru/ufa/nedvizhimost
Квартиры;https://www.avito.ru/ufa/kvartiry/prodam-ASgBAgICAUSSA8YQ
Комнаты;https://www.avito.ru/ufa/komnaty
Дома дачи котеджи;https://www.avito.ru/ufa/doma_dachi_kottedzhi
Гаражи и машиноместа;https://www.avito.ru/ufa/garazhi_i_mashinomesta
Земельные участки;https://www.avito.ru/ufa/zemelnye_uchastki
Коммерческая недвижмость;https://www.avito.ru/ufa/kommercheskaya_nedvizhimost/prodam-ASgBAgICAUSwCNJW
Недвижимость за рубежом;https://www.avito.ru/ufa/nedvizhimost_za_rubezhom
Работа;https://www.avito.ru/ufa/rabota
Вакансии;https://www.avito.ru/ufa/vakansii
Резюме;https://www.avito.ru/ufa/rezume
Услуги;https://www.avito.ru/ufa/predlozheniya_uslug
Транспорт и перевозки;https://www.avito.ru/ufa/predlozheniya_uslug/transport_perevozki-ASgBAgICAUSYC8SfAQ
Ремонт и стоительство;https://www.avito.ru/ufa/predlozheniya_uslug/remont_stroitelstvo-ASgBAgICAUSYC8CfAQ
красота, здоровье;https://www.avito.ru/ufa/predlozheniya_uslug/krasota_zdorove-ASgBAgICAUSYC6qfAQ
Ремонт и обслуживание техники;https://www.avito.ru/ufa/predlozheniya_uslug/remont_i_obsluzhivanie_tehniki-ASgBAgICAUSYC7T3AQ
Деловые услуги;https://www.avito.ru/ufa/predlozheniya_uslug/delovye_uslugi-ASgBAgICAUSYC7KfAQ
Бытовые услуги;https://www.avito.ru/ufa/predlozheniya_uslug/bytovye_uslugi-ASgBAgICAUSYC7CfAQ
IT, итернет, телеком;https://www.avito.ru/ufa/predlozheniya_uslug/it_internet_telekom-ASgBAgICAUSYC6afAQ
Бытовые услуги;https://www.avito.ru/ufa/predlozheniya_uslug/bytovye_uslugi-ASgBAgICAUSYC7CfAQ
Праздники, мероприятия;https://www.avito.ru/ufa/predlozheniya_uslug/prazdniki_meropriyatiya-ASgBAgICAUSYC7yfAQ
Доставка еды и продуктов;https://www.avito.ru/ufa/predlozheniya_uslug/pitanie_keytering-ASgBAgICAUSYC7qfAQ
Фото- и видеосъемка;https://www.avito.ru/ufa/predlozheniya_uslug/foto-_i_videosemka-ASgBAgICAUSYC8ifAQ
Няни, сиделки;https://www.avito.ru/ufa/predlozheniya_uslug/nyani_sidelki-ASgBAgICAUSYC6ifAQ
Уход за животными;https://www.avito.ru/ufa/predlozheniya_uslug/uhod_za_zhivotnymi-ASgBAgICAUSYC8afAQ
Искуство;https://www.avito.ru/ufa/predlozheniya_uslug/iskusstvo-ASgBAgICAUSYC9ifAQ
Охрана, безопасность;https://www.avito.ru/ufa/predlozheniya_uslug/ohrana_bezopasnost-ASgBAgICAUSYC7ifAQ
Доставка, курьеры;https://www.avito.ru/ufa/predlozheniya_uslug/kurerskie_uslugi-ASgBAgICAUSYC~b1AQ
Реклама, полиграфия;https://www.avito.ru/ufa/predlozheniya_uslug/reklama_poligrafiya-ASgBAgICAUSYC76fAQ
Уборка;https://www.avito.ru/ufa/predlozheniya_uslug/uborka_klining-ASgBAgICAUSYC7L3AQ
Установка техники;https://www.avito.ru/ufa/predlozheniya_uslug/ustanovka_tehniki-ASgBAgICAUSYC9r1AQ
Оборудование, производство;https://www.avito.ru/ufa/predlozheniya_uslug/oborudovanie_proizvodstvo-ASgBAgICAUSYC7SfAQ
Обучение, курсы;https://www.avito.ru/ufa/predlozheniya_uslug/obuchenie_kursy-ASgBAgICAUSYC7afAQ
Мастер на час;https://www.avito.ru/ufa/predlozheniya_uslug/master_na_chas-ASgBAgICAUSYC7zvAQ
Сад, благоустройство;https://www.avito.ru/ufa/predlozheniya_uslug/sad_blagoustroystvo-ASgBAgICAUSYC8KfAQ
Личные вещи;https://www.avito.ru/ufa/lichnye_veschi
Одежда, обувь, аксессуары;https://www.avito.ru/ufa/odezhda_obuv_aksessuary
Детская одежда и обувь;https://www.avito.ru/ufa/detskaya_odezhda_i_obuv
Товары для детей и игрушки;https://www.avito.ru/ufa/tovary_dlya_detey_i_igrushki
Часы и украшения;https://www.avito.ru/ufa/chasy_i_ukrasheniya/chasy-ASgBAgICAUTQAYYG
Красота и здоровье;https://www.avito.ru/ufa/krasota_i_zdorove
Для дома и дачи;https://www.avito.ru/ufa/dlya_doma_i_dachi
Бытовая техника;https://www.avito.ru/ufa/bytovaya_tehnika
Мебель и интерьер;https://www.avito.ru/ufa/mebel_i_interer
Посуда и товары для кухни;https://www.avito.ru/ufa/posuda_i_tovary_dlya_kuhni
Продукты питания;https://www.avito.ru/ufa/produkty_pitaniya
Ремонт и строительство;https://www.avito.ru/ufa/remont_i_stroitelstvo
Растения;https://www.avito.ru/ufa/rasteniya
Бытовая электроника;https://www.avito.ru/ufa/bytovaya_elektronika
Аудио и видео;https://www.avito.ru/ufa/audio_i_video
Игры, приставки и программы;https://www.avito.ru/ufa/igry_pristavki_i_programmy
Настольные компьютеры;https://www.avito.ru/ufa/nastolnye_kompyutery
Ноутбуки;https://www.avito.ru/ufa/noutbuki
Оргтехника и расходники;https://www.avito.ru/ufa/orgtehnika_i_rashodniki
Планшеты и электронные книги;https://www.avito.ru/ufa/planshety_i_elektronnye_knigi
Телефоны;https://www.avito.ru/ufa/telefony
Товары для компьютеров;https://www.avito.ru/ufa/tovary_dlya_kompyutera
Фототехника;https://www.avito.ru/ufa/fototehnika
Хобби и отдых;https://www.avito.ru/ufa/hobbi_i_otdyh
Билеты и путешествия;https://www.avito.ru/ufa/bilety_i_puteshestviya
Велосипеды;https://www.avito.ru/ufa/velosipedy
Книги и журналы;https://www.avito.ru/ufa/knigi_i_zhurnaly
Коллекционирование;https://www.avito.ru/ufa/kollektsionirovanie
Музыкальные инструменты;https://www.avito.ru/ufa/muzykalnye_instrumenty
Охота и рыбалка;https://www.avito.ru/ufa/ohota_i_rybalka
Спорт и отдых;https://www.avito.ru/ufa/sport_i_otdyh
Животные;https://www.avito.ru/ufa/zhivotnye
Собаки;https://www.avito.ru/ufa/sobaki
Кошки;https://www.avito.ru/ufa/koshki
Птицы;https://www.avito.ru/ufa/ptitsy
Аквариум;https://www.avito.ru/ufa/akvarium
Другие животные;https://www.avito.ru/ufa/drugie_zhivotnye
Товары для животных;https://www.avito.ru/ufa/tovary_dlya_zhivotnyh
Для бизнеса;https://www.avito.ru/ufa/dlya_biznesa
Готовый бизнес;https://www.avito.ru/ufa/gotoviy_biznes
Оборудование для бизнеса;https://www.avito.ru/ufa/oborudovanie_dlya_biznesa
